EnglishSTT.m4a,jam is a precious resource that should be used wisely and not wasted it is important to value time in the time of other's time is always moving and cannot be stopped or slowed down one's time is gone it cannot be brought back people often waste time on unnecessary activities are thinking about unnecessary things procrastination is a common way to waste time all the world stage and all the men and women merely players they have their exits in their entrances and one man in his time many parts his act being seven edges at first the infant viewing and puking in the nurses
HindiSTT.m4a,may her deen school jaata hoon morocco park me football khelna bahut pasand hai mere dost ne mujhe kuffar diya suraj purav say uttar paschim mud hai mujhe maloom hai ki tum bimar ho par mujhe asha hai ki tum jaldi theek ho jao
PunjabiSTT.m4a,tussi great ho toh changia menu kal sham ek parivar sangam with shamil only apne ghar jaana payega bhaisaab mera internet kaam nahi karna hai recharge karwaya hain
sample_audio.wav,but what if somebody decides to break to be careful that you keep adequate coverage but look for places to save money maybe it's taking longer to get things squared away
EnglishSTT.m4a,jam is a precious resource that should be used wisely and not wasted it is important to value time in the time of other's time is always moving and cannot be stopped or slowed down one's time is gone it cannot be brought back people often waste time on unnecessary activities are thinking about unnecessary things procrastination is a common way to waste time all the world stage and all the men and women merely players they have their exits in their entrances and one man in his time many parts his act being seven edges at first the infant viewing and puking in the nurses
HindiSTT.m4a,may her deen school jaata hoon morocco park me football khelna bahut pasand hai mere dost ne mujhe kuffar diya suraj purav say uttar paschim mdh chalta hai mujhe maloom hai ki tum bimar ho par mujhe asha hai ki tum jaldi theek ho jao
PunjabiSTT.m4a,tussi great ho toh changia menu kal sham ek parivar sangam with shamil only apne ghar jaana payega bhaisaab mera internet kaam nahi karna hai recharge karwaya hain
sample_audio.wav,but what if somebody decides to break to be careful that you keep adequate coverage but look for places to save money maybe it's taking longer to get things squared away
HindiSTT.m4a,may her deen school jaata hoon morocco park me football khelna bahut pasand hai mere dost ne mujhe kuffar diya suraj purav say uttar paschim mud hai mujhe maloom hai ki tum bimar ho par mujhe asha hai ki tum jaldi theek ho jao
HindiSTT.m4a,may her deen school jaata hoon morocco park me football khelna bahut pasand hai mere dost ne mujhe kuffar diya suraj purav say uttar paschim mud hai mujhe maloom hai ki tum bimar ho par mujhe asha hai ki tum jaldi theek ho jao
PunjabiSTT.m4a,tussi great ho sc toh changia menu kal sham ek parivar sangam with shamil only apne ghar jaana payega bhaisaab mera internet kaam nahi karna hai recharge karwaya hain
PunjabiSTT.m4a,tussi great ho toh changia menu kal sham ek parivar sangam with shamil only apne ghar jaana payega bhaisaab mera internet kaam nahi karna hai recharge karwaya hain
HindiSTT.m4a,may her deen school jaata hoon morocco park me football khelna bahut pasand hai mere dost ne mujhe kuffar diya suraj purav say uttar paschim mud hai mujhe maloom hai ki tum bimar ho par mujhe asha hai ki tum jaldi theek ho jao
